Model,Accuracy,Precision,Recall,F1-Score,AUC-ROC
NEWS Baseline,0.8590880099986471,0.037161014893513804,0.27440444205624215,0.06545749748979897,0.6272810807683888
Logistic Regression,0.995,1.0,0.9833333333333333,0.9915966386554622,0.9998809523809524
Random Forest,0.985,1.0,0.95,0.9743589743589743,0.9998809523809524
Gradient Boosting,0.97,0.9821428571428571,0.9166666666666666,0.9482758620689655,0.9658333333333334
